{
  "HTTP Request-1" : {
    "transaction" : "HTTP Request-1",
    "sampleCount" : 3,
    "errorCount" : 0,
    "errorPct" : 0.0,
    "meanResTime" : 109.66666666666667,
    "medianResTime" : 91.0,
    "minResTime" : 59.0,
    "maxResTime" : 179.0,
    "pct1ResTime" : 179.0,
    "pct2ResTime" : 179.0,
    "pct3ResTime" : 179.0,
    "throughput" : 0.453035336756267,
    "receivedKBytesPerSec" : 101.95521910865298,
    "sentKBytesPerSec" : 0.05353249584717608
  },
  "Total" : {
    "transaction" : "Total",
    "sampleCount" : 9,
    "errorCount" : 0,
    "errorPct" : 0.0,
    "meanResTime" : 323.6666666666667,
    "medianResTime" : 179.0,
    "minResTime" : 59.0,
    "maxResTime" : 1045.0,
    "pct1ResTime" : 1045.0,
    "pct2ResTime" : 1045.0,
    "pct3ResTime" : 1045.0,
    "throughput" : 1.201923076923077,
    "receivedKBytesPerSec" : 180.62363322983438,
    "sentKBytesPerSec" : 0.1862354767628205
  },
  "HTTP Request-0" : {
    "transaction" : "HTTP Request-0",
    "sampleCount" : 3,
    "errorCount" : 0,
    "errorPct" : 0.0,
    "meanResTime" : 375.3333333333333,
    "medianResTime" : 139.0,
    "minResTime" : 123.0,
    "maxResTime" : 864.0,
    "pct1ResTime" : 864.0,
    "pct2ResTime" : 864.0,
    "pct3ResTime" : 864.0,
    "throughput" : 0.40562466197944835,
    "receivedKBytesPerSec" : 0.1497325412385073,
    "sentKBytesPerSec" : 0.04634578657382369
  },
  "HTTP Request" : {
    "transaction" : "HTTP Request",
    "sampleCount" : 3,
    "errorCount" : 0,
    "errorPct" : 0.0,
    "meanResTime" : 486.0,
    "medianResTime" : 215.0,
    "minResTime" : 198.0,
    "maxResTime" : 1045.0,
    "pct1ResTime" : 1045.0,
    "pct2ResTime" : 1045.0,
    "pct3ResTime" : 1045.0,
    "throughput" : 0.4006410256410256,
    "receivedKBytesPerSec" : 90.31181661491719,
    "sentKBytesPerSec" : 0.09311773838141026
  }
}