{
  "/confirmation.php-62" : {
    "transaction" : "/confirmation.php-62",
    "sampleCount" : 300,
    "errorCount" : 0,
    "errorPct" : 0.0,
    "meanResTime" : 348.30000000000007,
    "medianResTime" : 314.0,
    "minResTime" : 251.0,
    "maxResTime" : 1122.0,
    "pct1ResTime" : 438.80000000000007,
    "pct2ResTime" : 517.3999999999999,
    "pct3ResTime" : 1077.8600000000001,
    "throughput" : 0.23067944323209583,
    "receivedKBytesPerSec" : 0.5336399471628734,
    "sentKBytesPerSec" : 0.24599800000922717
  },
  "/reserve.php-34" : {
    "transaction" : "/reserve.php-34",
    "sampleCount" : 300,
    "errorCount" : 0,
    "errorPct" : 0.0,
    "meanResTime" : 387.56000000000023,
    "medianResTime" : 334.0,
    "minResTime" : 255.0,
    "maxResTime" : 2142.0,
    "pct1ResTime" : 485.4000000000002,
    "pct2ResTime" : 669.4499999999991,
    "pct3ResTime" : 2135.560000000006,
    "throughput" : 0.2303487556944132,
    "receivedKBytesPerSec" : 0.5333256042527755,
    "sentKBytesPerSec" : 0.2080404684852189
  },
  "/purchase.php-38" : {
    "transaction" : "/purchase.php-38",
    "sampleCount" : 300,
    "errorCount" : 0,
    "errorPct" : 0.0,
    "meanResTime" : 346.80666666666696,
    "medianResTime" : 318.5,
    "minResTime" : 244.0,
    "maxResTime" : 1692.0,
    "pct1ResTime" : 422.80000000000007,
    "pct2ResTime" : 470.74999999999994,
    "pct3ResTime" : 889.3000000000006,
    "throughput" : 0.23068405511811024,
    "receivedKBytesPerSec" : 0.5791581521822712,
    "sentKBytesPerSec" : 0.2219958568182517
  },
  "HomePage" : {
    "transaction" : "HomePage",
    "sampleCount" : 300,
    "errorCount" : 300,
    "errorPct" : 100.0,
    "meanResTime" : 0.0,
    "medianResTime" : 0.0,
    "minResTime" : 0.0,
    "maxResTime" : 0.0,
    "pct1ResTime" : 0.0,
    "pct2ResTime" : 0.0,
    "pct3ResTime" : 0.0,
    "throughput" : 0.2304027132223509,
    "receivedKBytesPerSec" : 0.2670781451122368,
    "sentKBytesPerSec" : 0.0
  },
  "Total" : {
    "transaction" : "Total",
    "sampleCount" : 1200,
    "errorCount" : 300,
    "errorPct" : 25.0,
    "meanResTime" : 270.6666666666671,
    "medianResTime" : 300.0,
    "minResTime" : 0.0,
    "maxResTime" : 2142.0,
    "pct1ResTime" : 419.0,
    "pct2ResTime" : 490.9000000000001,
    "pct3ResTime" : 1057.99,
    "throughput" : 0.9146243866300207,
    "receivedKBytesPerSec" : 1.8974860941365719,
    "sentKBytesPerSec" : 0.6703963036503422
  }
}